{"month":"2025-03","gia_trung_vi_m2_trieu":214.28571428571428,"gia_tb_m2_trieu":255.87575230645493}
{"month":"2025-04","gia_trung_vi_m2_trieu":220.0,"gia_tb_m2_trieu":260.48611470260624}
{"month":"2025-05","gia_trung_vi_m2_trieu":233.71429966517857,"gia_tb_m2_trieu":286.53447474894614}
