{"month":"2025-03","gia_trung_vi_m2_trieu":111.47540983606558,"gia_tb_m2_trieu":152.76051893184945}
{"month":"2025-04","gia_trung_vi_m2_trieu":118.96551724137932,"gia_tb_m2_trieu":173.13881029347024}
{"month":"2025-05","gia_trung_vi_m2_trieu":132.0,"gia_tb_m2_trieu":216.86336967078913}
