{"year_month":"2025-2","avg_price_m2":261.0946114628697,"listing_count":51,"price_std":99.53239792176342,"median_price_m2":232.14285714285714,"price_change_pct":0.0}
{"year_month":"2025-3","avg_price_m2":240.62145978039865,"listing_count":11133,"price_std":143.72581307333286,"median_price_m2":209.21052631578948,"prev_month_price":261.0946114628697,"price_change":-20.47315168247104,"price_change_pct":-7.841276986822278}
{"year_month":"2025-4","avg_price_m2":244.14753694922746,"listing_count":19642,"price_std":134.00609541205435,"median_price_m2":213.88888888888889,"prev_month_price":240.62145978039865,"price_change":3.526077168828806,"price_change_pct":1.46540427942165}
{"year_month":"2025-5","avg_price_m2":272.7830405782231,"listing_count":10332,"price_std":145.47690782164025,"median_price_m2":234.84848484848484,"prev_month_price":244.14753694922746,"price_change":28.63550362899565,"price_change_pct":11.728770229187544}
