{"quan_huyen_clean":"ba đình","year_month":"2025-5","avg_price_m2":310.58189353791073,"prev_1m":300.0219754660867,"prev_3m":176.82926829268294,"momentum_1m":10.559918071824029,"momentum_3m":133.7526252452278,"momentum_1m_pct":3.5197148660257658,"momentum_3m_pct":75.63941565592191,"momentum_6m_pct":0.0}
{"quan_huyen_clean":"thanh xuân","year_month":"2025-5","avg_price_m2":274.01291360268294,"prev_1m":255.47804231533556,"prev_3m":186.66666666666666,"momentum_1m":18.534871287347386,"momentum_3m":87.34624693601629,"momentum_1m_pct":7.254976247418503,"momentum_3m_pct":46.792632287151584,"momentum_6m_pct":0.0}
{"quan_huyen_clean":"thanh trì","year_month":"2025-5","avg_price_m2":189.93294205126102,"prev_1m":151.1922061011534,"prev_3m":145.56650700073692,"momentum_1m":38.74073595010762,"momentum_3m":44.3664350505241,"momentum_1m_pct":25.6235006744915,"momentum_3m_pct":30.47846373774669,"momentum_6m_pct":0.0}
{"quan_huyen_clean":"đống đa","year_month":"2025-5","avg_price_m2":335.47482775813535,"prev_1m":282.16256859191765,"prev_3m":295.56210276014895,"momentum_1m":53.3122591662177,"momentum_3m":39.9127249979864,"momentum_1m_pct":18.89416425157422,"momentum_3m_pct":13.504006307052126,"momentum_6m_pct":0.0}
{"quan_huyen_clean":"tây hồ","year_month":"2025-5","avg_price_m2":289.25754325565146,"prev_1m":282.45767257577006,"prev_3m":267.3901098901099,"momentum_1m":6.799870679881394,"momentum_3m":21.867433365541558,"momentum_1m_pct":2.407394572741624,"momentum_3m_pct":8.178101042902627,"momentum_6m_pct":0.0}
{"quan_huyen_clean":"long biên","year_month":"2025-5","avg_price_m2":205.69617622040607,"prev_1m":191.5873976881674,"prev_3m":198.941459933522,"momentum_1m":14.10877853223866,"momentum_3m":6.754716286884076,"momentum_1m_pct":7.364147486987882,"momentum_3m_pct":3.395328600253171,"momentum_6m_pct":0.0}
{"quan_huyen_clean":"hoàng mai","year_month":"2025-5","avg_price_m2":206.6935069524421,"prev_1m":201.79811217004976,"prev_3m":204.41693722943722,"momentum_1m":4.895394782392344,"momentum_3m":2.276569723004883,"momentum_1m_pct":2.4258873037757303,"momentum_3m_pct":1.1136893810563577,"momentum_6m_pct":0.0}
{"quan_huyen_clean":"hoài đức","year_month":"2025-5","avg_price_m2":151.22166300374715,"prev_1m":140.91132988787075,"momentum_1m":10.310333115876404,"momentum_1m_pct":7.316894336375068,"momentum_3m_pct":0.0,"momentum_6m_pct":0.0}
{"quan_huyen_clean":"đan phượng","year_month":"2025-5","avg_price_m2":81.25132275132275,"prev_1m":125.83389916576276,"momentum_1m":-44.58257641444001,"momentum_1m_pct":-35.4297027351197,"momentum_3m_pct":0.0,"momentum_6m_pct":0.0}
{"quan_huyen_clean":"chương mỹ","year_month":"2025-5","avg_price_m2":97.14285714285714,"prev_1m":70.79474648755487,"momentum_1m":26.348110655302264,"momentum_1m_pct":37.217607184925846,"momentum_3m_pct":0.0,"momentum_6m_pct":0.0}
{"quan_huyen_clean":"phúc thọ","year_month":"2025-4","avg_price_m2":56.0579959804766,"momentum_1m_pct":0.0,"momentum_3m_pct":0.0,"momentum_6m_pct":0.0}
{"quan_huyen_clean":"thanh oai","year_month":"2025-4","avg_price_m2":78.1069399779702,"prev_1m":70.33202495057607,"momentum_1m":7.77491502739413,"momentum_1m_pct":11.05458719958332,"momentum_3m_pct":0.0,"momentum_6m_pct":0.0}
{"quan_huyen_clean":"thường tín","year_month":"2025-5","avg_price_m2":98.6221590909091,"prev_1m":101.68975903614458,"momentum_1m":-3.067599945235486,"momentum_1m_pct":-3.016626230911944,"momentum_3m_pct":0.0,"momentum_6m_pct":0.0}
{"quan_huyen_clean":"thạch thất","year_month":"2025-5","avg_price_m2":49.0,"prev_1m":0.45966880341880345,"momentum_1m":48.5403311965812,"momentum_1m_pct":10559.84892504358,"momentum_3m_pct":0.0,"momentum_6m_pct":0.0}
{"quan_huyen_clean":"đông anh","year_month":"2025-5","avg_price_m2":111.50156368322983,"prev_1m":103.45006787675128,"momentum_1m":8.051495806478556,"momentum_1m_pct":7.782977789894711,"momentum_3m_pct":0.0,"momentum_6m_pct":0.0}
{"quan_huyen_clean":"ba vì","year_month":"2025-4","avg_price_m2":22.448979591836736,"momentum_1m_pct":0.0,"momentum_3m_pct":0.0,"momentum_6m_pct":0.0}
{"quan_huyen_clean":"hoàn kiếm","year_month":"2025-5","avg_price_m2":531.4937653005852,"prev_1m":466.2955271966298,"momentum_1m":65.19823810395542,"momentum_1m_pct":13.9821710270153,"momentum_3m_pct":0.0,"momentum_6m_pct":0.0}
{"quan_huyen_clean":"mê linh","year_month":"2025-4","avg_price_m2":57.25177982414339,"prev_1m":32.71360131096973,"momentum_1m":24.538178513173662,"momentum_1m_pct":75.00910181033895,"momentum_3m_pct":0.0,"momentum_6m_pct":0.0}
{"quan_huyen_clean":"ứng hòa","year_month":"2025-4","avg_price_m2":45.76271186440678,"prev_1m":85.71428571428571,"momentum_1m":-39.951573849878926,"momentum_1m_pct":-46.61016949152542,"momentum_3m_pct":0.0,"momentum_6m_pct":0.0}
{"quan_huyen_clean":"gia lâm","year_month":"2025-5","avg_price_m2":129.58206145464993,"prev_1m":119.34177145806868,"momentum_1m":10.240289996581254,"momentum_1m_pct":8.580641858646477,"momentum_3m_pct":0.0,"momentum_6m_pct":0.0}
{"quan_huyen_clean":"quốc oai","year_month":"2025-5","avg_price_m2":66.3265306122449,"prev_1m":68.26564731564733,"momentum_1m":-1.9391167034024335,"momentum_1m_pct":-2.8405453982386306,"momentum_3m_pct":0.0,"momentum_6m_pct":0.0}
{"quan_huyen_clean":"sóc sơn","year_month":"2025-5","avg_price_m2":33.410714285714285,"prev_1m":23.133103726117216,"momentum_1m":10.277610559597068,"momentum_1m_pct":44.42815231919646,"momentum_3m_pct":0.0,"momentum_6m_pct":0.0}
{"quan_huyen_clean":"sơn tây","year_month":"2025-3","avg_price_m2":35.33535656525242,"momentum_1m_pct":0.0,"momentum_3m_pct":0.0,"momentum_6m_pct":0.0}
{"quan_huyen_clean":"hà đông","year_month":"2025-5","avg_price_m2":239.46704212580659,"prev_1m":215.49070430602956,"prev_3m":262.65412197526115,"momentum_1m":23.97633781977703,"momentum_3m":-23.187079849454562,"momentum_1m_pct":11.126390763346796,"momentum_3m_pct":-8.827990086383835,"momentum_6m_pct":0.0}
{"quan_huyen_clean":"bắc từ liêm","year_month":"2025-5","avg_price_m2":204.4214963702565,"prev_1m":189.2872394313375,"prev_3m":228.2258064516129,"momentum_1m":15.134256938919009,"momentum_3m":-23.80431008135639,"momentum_1m_pct":7.995392074175632,"momentum_3m_pct":-10.430157067449445,"momentum_6m_pct":0.0}
{"quan_huyen_clean":"hai bà trưng","year_month":"2025-5","avg_price_m2":289.22384177195914,"prev_1m":253.49327749518045,"prev_3m":361.78199568063667,"momentum_1m":35.73056427677869,"momentum_3m":-72.55815390867753,"momentum_1m_pct":14.095270939663488,"momentum_3m_pct":-20.0557669466582,"momentum_6m_pct":0.0}
{"quan_huyen_clean":"nam từ liêm","year_month":"2025-5","avg_price_m2":216.7944967037174,"prev_1m":221.55284226378015,"prev_3m":273.3333333333333,"momentum_1m":-4.758345560062736,"momentum_3m":-56.5388366296159,"momentum_1m_pct":-2.1477249000477565,"momentum_3m_pct":-20.68494023034728,"momentum_6m_pct":0.0}
{"quan_huyen_clean":"cầu giấy","year_month":"2025-5","avg_price_m2":307.21169414332826,"prev_1m":302.1402339832648,"prev_3m":397.48837616441926,"momentum_1m":5.071460160063452,"momentum_3m":-90.276682021091,"momentum_1m_pct":1.6785120250963843,"momentum_3m_pct":-22.71177911973669,"momentum_6m_pct":0.0}
