{"quan_huyen_clean":"hóc môn","year_month":"2025-5","avg_price_m2":46.016765204993696,"prev_1m":38.01330178282301,"prev_3m":28.91156462585034,"momentum_1m":8.00346342217069,"momentum_3m":17.105200579143357,"momentum_1m_pct":21.054375828482225,"momentum_3m_pct":59.16387023844879,"momentum_6m_pct":0.0}
{"quan_huyen_clean":"nhà bè","year_month":"2025-5","avg_price_m2":75.2623117088286,"prev_1m":68.48294536259624,"prev_3m":48.75,"momentum_1m":6.779366346232365,"momentum_3m":26.512311708828605,"momentum_1m_pct":9.899349845918126,"momentum_3m_pct":54.384229146315086,"momentum_6m_pct":0.0}
{"quan_huyen_clean":"phú nhuận","year_month":"2025-5","avg_price_m2":225.83594159067866,"prev_1m":191.95323062683545,"prev_3m":150.52594670406734,"momentum_1m":33.88271096384321,"momentum_3m":75.30999488661132,"momentum_1m_pct":17.651545042090238,"momentum_3m_pct":50.031238159006634,"momentum_6m_pct":0.0}
{"quan_huyen_clean":"10","year_month":"2025-5","avg_price_m2":276.4358507742059,"prev_1m":224.70527757051545,"prev_3m":189.44444444444446,"momentum_1m":51.730573203690454,"momentum_3m":86.99140632976145,"momentum_1m_pct":23.021521240175023,"momentum_3m_pct":45.91921741746938,"momentum_6m_pct":0.0}
{"quan_huyen_clean":"12","year_month":"2025-5","avg_price_m2":74.49726037534161,"prev_1m":75.32499891659737,"prev_3m":52.67857142857143,"momentum_1m":-0.827738541255755,"momentum_3m":21.81868894677018,"momentum_1m_pct":-1.0988895495003694,"momentum_3m_pct":41.41852817014,"momentum_6m_pct":0.0}
{"quan_huyen_clean":"3","year_month":"2025-5","avg_price_m2":317.966434013873,"prev_1m":252.02540905366237,"prev_3m":244.38217928073,"momentum_1m":65.94102496021065,"momentum_3m":73.58425473314301,"momentum_1m_pct":26.16443524794367,"momentum_3m_pct":30.110319397968176,"momentum_6m_pct":0.0}
{"quan_huyen_clean":"4","year_month":"2025-5","avg_price_m2":145.63970159552073,"prev_1m":153.71882693070805,"prev_3m":121.42857142857143,"momentum_1m":-8.079125335187314,"momentum_3m":24.211130166949303,"momentum_1m_pct":-5.255781283595891,"momentum_3m_pct":19.938577784546485,"momentum_6m_pct":0.0}
{"quan_huyen_clean":"bình tân","year_month":"2025-5","avg_price_m2":96.2533892048367,"prev_1m":92.25497553332274,"prev_3m":88.85340847082877,"momentum_1m":3.9984136715139584,"momentum_3m":7.399980734007926,"momentum_1m_pct":4.334090002625084,"momentum_3m_pct":8.328302606913942,"momentum_6m_pct":0.0}
{"quan_huyen_clean":"tân bình","year_month":"2025-5","avg_price_m2":164.775744622054,"prev_1m":158.27046284844954,"prev_3m":152.31170479690218,"momentum_1m":6.505281773604452,"momentum_3m":12.464039825151815,"momentum_1m_pct":4.110231092098041,"momentum_3m_pct":8.183244906733732,"momentum_6m_pct":0.0}
{"quan_huyen_clean":"8","year_month":"2025-5","avg_price_m2":120.46589239006393,"prev_1m":112.51668306000838,"prev_3m":116.79326972401763,"momentum_1m":7.949209330055552,"momentum_3m":3.672622666046294,"momentum_1m_pct":7.064916165201929,"momentum_3m_pct":3.1445499168956372,"momentum_6m_pct":0.0}
{"quan_huyen_clean":"5","year_month":"2025-5","avg_price_m2":333.68910720077884,"prev_1m":289.6412700252895,"momentum_1m":44.04783717548935,"momentum_1m_pct":15.207721320806042,"momentum_3m_pct":0.0,"momentum_6m_pct":0.0}
{"quan_huyen_clean":"bình chánh","year_month":"2025-5","avg_price_m2":81.12042017363346,"prev_1m":41.279613683494425,"momentum_1m":39.84080649013904,"momentum_1m_pct":96.51448483896377,"momentum_3m_pct":0.0,"momentum_6m_pct":0.0}
{"quan_huyen_clean":"củ chi","year_month":"2025-5","avg_price_m2":12.17007620289833,"prev_1m":8.929461574160703,"momentum_1m":3.2406146287376263,"momentum_1m_pct":36.291265736727446,"momentum_3m_pct":0.0,"momentum_6m_pct":0.0}
{"quan_huyen_clean":"11","year_month":"2025-5","avg_price_m2":193.17483833555008,"prev_1m":175.67953463082162,"momentum_1m":17.495303704728457,"momentum_1m_pct":9.958646430555287,"momentum_3m_pct":0.0,"momentum_6m_pct":0.0}
{"quan_huyen_clean":"7","year_month":"2025-5","avg_price_m2":147.25223231838964,"prev_1m":125.40232442240901,"momentum_1m":21.849907895980635,"momentum_1m_pct":17.423846006538714,"momentum_3m_pct":0.0,"momentum_6m_pct":0.0}
{"quan_huyen_clean":"9","year_month":"2025-4","avg_price_m2":72.88461538461539,"momentum_1m_pct":0.0,"momentum_3m_pct":0.0,"momentum_6m_pct":0.0}
{"quan_huyen_clean":"cần giờ","year_month":"2025-4","avg_price_m2":14.644065725978864,"prev_1m":28.571428571428573,"momentum_1m":-13.927362845449709,"momentum_1m_pct":-48.74576995907398,"momentum_3m_pct":0.0,"momentum_6m_pct":0.0}
{"quan_huyen_clean":"tân phú","year_month":"2025-5","avg_price_m2":115.29341180061991,"prev_1m":112.05751373914812,"prev_3m":117.7854938271605,"momentum_1m":3.2358980614717865,"momentum_3m":-2.4920820265405865,"momentum_1m_pct":2.887711812886048,"momentum_3m_pct":-2.115780089352506,"momentum_6m_pct":0.0}
{"quan_huyen_clean":"6","year_month":"2025-5","avg_price_m2":149.9218141128411,"prev_1m":143.35162938634517,"prev_3m":167.5,"momentum_1m":6.570184726495938,"momentum_3m":-17.578185887158895,"momentum_1m_pct":4.58326476972837,"momentum_3m_pct":-10.494439335617251,"momentum_6m_pct":0.0}
{"quan_huyen_clean":"gò vấp","year_month":"2025-5","avg_price_m2":121.60146689380963,"prev_1m":116.05906470791925,"prev_3m":138.31168831168833,"momentum_1m":5.542402185890381,"momentum_3m":-16.7102214178787,"momentum_1m_pct":4.7755013361849,"momentum_3m_pct":-12.081568536870044,"momentum_6m_pct":0.0}
{"quan_huyen_clean":"bình thạnh","year_month":"2025-5","avg_price_m2":165.9094248150889,"prev_1m":164.87352642207853,"prev_3m":204.1358024691358,"momentum_1m":1.0358983930103705,"momentum_3m":-38.2263776540469,"momentum_1m_pct":0.628298803022176,"momentum_3m_pct":-18.725954581057145,"momentum_6m_pct":0.0}
{"quan_huyen_clean":"thủ đức","year_month":"2025-5","avg_price_m2":118.21861112887713,"prev_1m":98.59380390498286,"prev_3m":146.10042735042737,"momentum_1m":19.624807223894265,"momentum_3m":-27.88181622155024,"momentum_1m_pct":19.904706428415267,"momentum_3m_pct":-19.08400730045413,"momentum_6m_pct":0.0}
{"quan_huyen_clean":"1","year_month":"2025-5","avg_price_m2":399.20209393277344,"prev_1m":380.6327813824002,"prev_3m":885.4166666666666,"momentum_1m":18.56931255037324,"momentum_3m":-486.2145727338932,"momentum_1m_pct":4.878537387907665,"momentum_3m_pct":-54.91364586171029,"momentum_6m_pct":0.0}
