{"year_month":"2022-7","avg_price_m2":127.51906318082789,"listing_count":2,"price_std":81.55221182802366,"median_price_m2":69.8529411764706,"price_change_pct":0.0}
{"year_month":"2025-2","avg_price_m2":148.94945605357967,"listing_count":47,"price_std":134.6408013053057,"median_price_m2":126.72413793103448,"prev_month_price":127.51906318082789,"price_change":21.43039287275178,"price_change_pct":16.805638575279133}
{"year_month":"2025-3","avg_price_m2":132.61024666346154,"listing_count":10335,"price_std":97.66588121738143,"median_price_m2":110.0,"prev_month_price":148.94945605357967,"price_change":-16.33920939011813,"price_change_pct":-10.96963347368025}
{"year_month":"2025-4","avg_price_m2":143.41558954366602,"listing_count":19620,"price_std":107.11671747125249,"median_price_m2":117.5,"prev_month_price":132.61024666346154,"price_change":10.805342880204478,"price_change_pct":8.148196049756464}
{"year_month":"2025-5","avg_price_m2":169.41192042400843,"listing_count":10141,"price_std":126.48494339151333,"median_price_m2":132.22222222222223,"prev_month_price":143.41558954366602,"price_change":25.996330880342413,"price_change_pct":18.126572545606876}
